{"version": "1", "message": "ERROR: Hidden Testcases server unreachable.", "problem_id": "ads2_m6_a1_1", "user_id": "mayankkarn2", "score": {"sample": {"0": {"execution_time": 0.335097074508667, "passed": false}, "1": {"execution_time": 0.22766923904418945, "passed": false}, "2": {"execution_time": 0.2448117733001709, "passed": false}, "3": {"execution_time": 0.42507076263427734, "passed": false}, "4": {"execution_time": 0.2467191219329834, "passed": false}, "5": {"execution_time": 0.32735276222229004, "passed": true}, "6": {"execution_time": 0.21178841590881348, "passed": true}, "7": {"execution_time": 0.45075368881225586, "passed": false}, "8": {"execution_time": 0.45572519302368164, "passed": true}, "9": {"execution_time": 0.22834563255310059, "passed": false}, "10": {"execution_time": 0.29674553871154785, "passed": true}, "11": {"execution_time": 0.4647197723388672, "passed": false}}}, "check_style_score": "0/1"}