{"version": "1", "message": "ERROR: Hidden Testcases server unreachable.", "problem_id": "ads2_m6_a1_1", "user_id": "mayankkarn2", "score": {"sample": {"0": {"execution_time": 0.29323434829711914, "passed": false}, "1": {"execution_time": 0.21500444412231445, "passed": false}, "2": {"execution_time": 0.22045373916625977, "passed": false}, "3": {"execution_time": 0.22955584526062012, "passed": false}, "4": {"execution_time": 0.4409503936767578, "passed": false}, "5": {"execution_time": 0.29534292221069336, "passed": true}, "6": {"execution_time": 0.35448408126831055, "passed": true}, "7": {"execution_time": 0.2309398651123047, "passed": false}, "8": {"execution_time": 0.4995415210723877, "passed": true}, "9": {"execution_time": 0.413707971572876, "passed": false}, "10": {"execution_time": 0.24489188194274902, "passed": true}, "11": {"execution_time": 0.29233264923095703, "passed": false}}}, "check_style_score": "0/1"}