{"version": "1", "message": "ERROR: Hidden Testcases server unreachable.", "problem_id": "ads2_m6_a1_1", "user_id": "mayankkarn2", "score": {"sample": {"0": {"execution_time": 0.21257901191711426, "passed": false}, "1": {"execution_time": 0.3341186046600342, "passed": false}, "2": {"execution_time": 0.4331223964691162, "passed": false}, "3": {"execution_time": 0.307830810546875, "passed": false}, "4": {"execution_time": 0.2843015193939209, "passed": false}, "5": {"execution_time": 0.46479225158691406, "passed": true}, "6": {"execution_time": 0.384448766708374, "passed": true}, "7": {"execution_time": 0.25282740592956543, "passed": false}, "8": {"execution_time": 0.24001407623291016, "passed": true}, "9": {"execution_time": 0.23181939125061035, "passed": false}, "10": {"execution_time": 0.4511542320251465, "passed": true}, "11": {"execution_time": 0.48809337615966797, "passed": false}}}, "check_style_score": "0/1"}