{"version": "1", "message": "ERROR: Hidden Testcases server unreachable.", "problem_id": "ads2_m6_a1_1", "user_id": "mayankkarn2", "score": {"sample": {"0": {"execution_time": 0.48328566551208496, "passed": false}, "1": {"execution_time": 0.41239142417907715, "passed": false}, "2": {"execution_time": 0.41810011863708496, "passed": false}, "3": {"execution_time": 0.41812729835510254, "passed": false}, "4": {"execution_time": 0.4752650260925293, "passed": false}, "5": {"execution_time": 0.5223708152770996, "passed": false}, "6": {"execution_time": 0.42785120010375977, "passed": true}, "7": {"execution_time": 0.4964306354522705, "passed": false}, "8": {"execution_time": 0.4127507209777832, "passed": true}, "9": {"execution_time": 0.4497089385986328, "passed": false}, "10": {"execution_time": 0.44822072982788086, "passed": true}, "11": {"execution_time": 0.44972705841064453, "passed": false}}}, "check_style_score": "0/1"}