{"version": "1", "message": "ERROR: Hidden Testcases server unreachable.", "problem_id": "ads2_m6_a1_1", "user_id": "mayankkarn2", "score": {"sample": {"0": {"execution_time": 0.2521071434020996, "passed": false}, "1": {"execution_time": 0.23257803916931152, "passed": false}, "2": {"execution_time": 0.24562621116638184, "passed": false}, "3": {"execution_time": 0.2558116912841797, "passed": false}, "4": {"execution_time": 0.231093168258667, "passed": false}, "5": {"execution_time": 0.2497251033782959, "passed": false}, "6": {"execution_time": 0.23625969886779785, "passed": true}, "7": {"execution_time": 0.2554295063018799, "passed": false}, "8": {"execution_time": 0.28933262825012207, "passed": true}, "9": {"execution_time": 0.23710417747497559, "passed": false}, "10": {"execution_time": 0.2666618824005127, "passed": true}, "11": {"execution_time": 0.2766735553741455, "passed": false}}}, "check_style_score": "0/1"}