{"version": "1", "message": "ERROR: Hidden Testcases server unreachable.", "problem_id": "ads2_m2_a1_1", "user_id": "mayankkarn2", "score": {"sample": {"0": {"execution_time": 0.1811223030090332, "passed": true}, "1": {"execution_time": 0.15804290771484375, "passed": true}, "2": {"execution_time": 0.2273695468902588, "passed": true}, "3": {"execution_time": 0.3291208744049072, "passed": true}, "4": {"execution_time": 0.26821136474609375, "passed": true}, "5": {"execution_time": 0.28377723693847656, "passed": true}, "6": {"execution_time": 0.254974365234375, "passed": true}, "7": {"execution_time": 0.16613030433654785, "passed": true}, "8": {"execution_time": 0.28394174575805664, "passed": true}, "9": {"execution_time": 0.28238391876220703, "passed": true}, "10": {"execution_time": 0.2167353630065918, "passed": true}, "11": {"execution_time": 0.21348857879638672, "passed": true}, "12": {"execution_time": 0.2861759662628174, "passed": true}, "13": {"execution_time": 0.284557580947876, "passed": true}, "14": {"execution_time": 0.2800326347351074, "passed": true}, "15": {"execution_time": 0.32528066635131836, "passed": true}, "16": {"execution_time": 0.38374853134155273, "passed": true}, "17": {"execution_time": 0.2792201042175293, "passed": true}, "18": {"execution_time": 0.1815338134765625, "passed": true}, "19": {"execution_time": 0.2851276397705078, "passed": true}, "20": {"execution_time": 0.41047120094299316, "passed": true}, "21": {"execution_time": 0.21640801429748535, "passed": true}, "22": {"execution_time": 0.21145033836364746, "passed": true}, "23": {"execution_time": 0.2052323818206787, "passed": true}}}, "check_style_score": "1/1"}