{"version": "1", "message": "ERROR: Hidden Testcases server unreachable.", "problem_id": "ads2_m2_a1_1", "user_id": "mayankkarn2", "score": {"sample": {"0": {"execution_time": 0.33703017234802246, "passed": true}, "1": {"execution_time": 0.299121618270874, "passed": true}, "2": {"execution_time": 0.29803895950317383, "passed": true}, "3": {"execution_time": 0.2925436496734619, "passed": true}, "4": {"execution_time": 0.2925753593444824, "passed": true}, "5": {"execution_time": 0.29396581649780273, "passed": true}, "6": {"execution_time": 0.2995171546936035, "passed": true}, "7": {"execution_time": 0.29587244987487793, "passed": true}, "8": {"execution_time": 0.3015918731689453, "passed": true}, "9": {"execution_time": 0.3013026714324951, "passed": true}, "10": {"execution_time": 0.3274877071380615, "passed": true}, "11": {"execution_time": 0.3344385623931885, "passed": true}, "12": {"execution_time": 0.3290727138519287, "passed": true}, "13": {"execution_time": 0.3137180805206299, "passed": true}, "14": {"execution_time": 0.15082025527954102, "passed": true}, "15": {"execution_time": 0.2798337936401367, "passed": true}, "16": {"execution_time": 0.3414771556854248, "passed": true}, "17": {"execution_time": 0.23547720909118652, "passed": true}, "18": {"execution_time": 0.3586273193359375, "passed": true}, "19": {"execution_time": 0.37709832191467285, "passed": true}, "20": {"execution_time": 0.3905372619628906, "passed": true}, "21": {"execution_time": 0.3121645450592041, "passed": true}, "22": {"execution_time": 0.42999768257141113, "passed": true}, "23": {"execution_time": 0.2183694839477539, "passed": true}}}, "check_style_score": "1/1"}