{"version": "1", "message": "ERROR: Hidden Testcases server unreachable.", "problem_id": "ads2_m2_a1_1", "user_id": "mayankkarn2", "score": {"sample": {"0": {"execution_time": 0.22588801383972168, "passed": true}, "1": {"execution_time": 0.15616893768310547, "passed": true}, "2": {"execution_time": 0.16047906875610352, "passed": true}, "3": {"execution_time": 0.15563440322875977, "passed": true}, "4": {"execution_time": 0.17652559280395508, "passed": true}, "5": {"execution_time": 0.15697979927062988, "passed": true}, "6": {"execution_time": 0.15697956085205078, "passed": true}, "7": {"execution_time": 0.21958374977111816, "passed": true}, "8": {"execution_time": 0.22660183906555176, "passed": true}, "9": {"execution_time": 0.18800091743469238, "passed": true}, "10": {"execution_time": 0.15363645553588867, "passed": true}, "11": {"execution_time": 0.15947198867797852, "passed": true}, "12": {"execution_time": 0.14629888534545898, "passed": true}, "13": {"execution_time": 0.15544438362121582, "passed": true}, "14": {"execution_time": 0.14599347114562988, "passed": true}, "15": {"execution_time": 0.26345348358154297, "passed": true}, "16": {"execution_time": 0.16223526000976562, "passed": true}, "17": {"execution_time": 0.19418001174926758, "passed": true}, "18": {"execution_time": 0.1879124641418457, "passed": true}, "19": {"execution_time": 0.19355273246765137, "passed": true}, "20": {"execution_time": 0.17527389526367188, "passed": true}, "21": {"execution_time": 0.21009445190429688, "passed": true}, "22": {"execution_time": 0.1967933177947998, "passed": true}, "23": {"execution_time": 0.2301468849182129, "passed": true}}}, "check_style_score": "0/1"}