{"version": "1", "message": "ERROR: Hidden Testcases server unreachable.", "problem_id": "ads2_m2_a1_1", "user_id": "mayankkarn2", "score": {"sample": {"0": {"execution_time": 0.18006014823913574, "passed": true}, "1": {"execution_time": 0.2042102813720703, "passed": true}, "2": {"execution_time": 0.39882802963256836, "passed": true}, "3": {"execution_time": 0.2897794246673584, "passed": true}, "4": {"execution_time": 0.30632495880126953, "passed": true}, "5": {"execution_time": 0.16002845764160156, "passed": true}, "6": {"execution_time": 0.30211472511291504, "passed": true}, "7": {"execution_time": 0.2903454303741455, "passed": true}, "8": {"execution_time": 0.5591545104980469, "passed": true}, "9": {"execution_time": 0.16086387634277344, "passed": true}, "10": {"execution_time": 0.15981435775756836, "passed": true}, "11": {"execution_time": 0.43365025520324707, "passed": true}, "12": {"execution_time": 0.2922968864440918, "passed": true}, "13": {"execution_time": 0.43781566619873047, "passed": true}, "14": {"execution_time": 0.16680383682250977, "passed": true}, "15": {"execution_time": 0.35856151580810547, "passed": true}, "16": {"execution_time": 0.3082437515258789, "passed": true}, "17": {"execution_time": 0.4661891460418701, "passed": true}, "18": {"execution_time": 0.3480987548828125, "passed": true}, "19": {"execution_time": 0.3876357078552246, "passed": true}, "20": {"execution_time": 0.3767523765563965, "passed": true}, "21": {"execution_time": 0.30419230461120605, "passed": true}, "22": {"execution_time": 0.4211568832397461, "passed": true}, "23": {"execution_time": 0.3963742256164551, "passed": true}}}, "check_style_score": "0/1"}