{"version": "1", "message": "ERROR: Hidden Testcases server unreachable.", "problem_id": "ads2_m2_a1_1", "user_id": "mayankkarn2", "score": {"sample": {"0": {"execution_time": 0.17855095863342285, "passed": false}, "1": {"execution_time": 0.4119086265563965, "passed": false}, "2": {"execution_time": 0.2964761257171631, "passed": false}, "3": {"execution_time": 0.3043222427368164, "passed": false}, "4": {"execution_time": 0.15940189361572266, "passed": false}, "5": {"execution_time": 0.1693572998046875, "passed": false}, "6": {"execution_time": 0.3123772144317627, "passed": false}, "7": {"execution_time": 0.311229944229126, "passed": false}, "8": {"execution_time": 0.17279887199401855, "passed": false}, "9": {"execution_time": 0.16551971435546875, "passed": false}, "10": {"execution_time": 0.35874223709106445, "passed": false}, "11": {"execution_time": 0.35698795318603516, "passed": false}, "12": {"execution_time": 0.2060530185699463, "passed": false}, "13": {"execution_time": 0.19024109840393066, "passed": false}, "14": {"execution_time": 0.31748485565185547, "passed": false}, "15": {"execution_time": 0.3211331367492676, "passed": false}, "16": {"execution_time": 0.32720446586608887, "passed": false}, "17": {"execution_time": 0.36020874977111816, "passed": false}, "18": {"execution_time": 0.405778169631958, "passed": false}, "19": {"execution_time": 0.2016158103942871, "passed": false}, "20": {"execution_time": 0.3793349266052246, "passed": false}, "21": {"execution_time": 0.30884456634521484, "passed": false}, "22": {"execution_time": 0.4024059772491455, "passed": false}, "23": {"execution_time": 0.39722490310668945, "passed": false}}}, "check_style_score": "0/1"}