{"version": "1", "message": "ERROR: Hidden Testcases server unreachable.", "problem_id": "ads2_m2_a1_1", "user_id": "mayankkarn2", "score": {"sample": {"0": {"execution_time": 0.17887377738952637, "passed": false}, "1": {"execution_time": 0.5806503295898438, "passed": false}, "2": {"execution_time": 0.4015660285949707, "passed": false}, "3": {"execution_time": 0.40511584281921387, "passed": false}, "4": {"execution_time": 0.16445541381835938, "passed": false}, "5": {"execution_time": 0.16094541549682617, "passed": false}, "6": {"execution_time": 0.2878561019897461, "passed": false}, "7": {"execution_time": 0.32405734062194824, "passed": false}, "8": {"execution_time": 0.2960641384124756, "passed": false}, "9": {"execution_time": 0.1602649688720703, "passed": false}, "10": {"execution_time": 0.1983780860900879, "passed": false}, "11": {"execution_time": 0.30177736282348633, "passed": false}, "12": {"execution_time": 0.33062100410461426, "passed": false}, "13": {"execution_time": 0.2935776710510254, "passed": false}, "14": {"execution_time": 0.22247076034545898, "passed": false}, "15": {"execution_time": 0.16917181015014648, "passed": false}, "16": {"execution_time": 0.30515623092651367, "passed": false}, "17": {"execution_time": 0.3786592483520508, "passed": false}, "18": {"execution_time": 0.3378102779388428, "passed": false}, "19": {"execution_time": 0.36031365394592285, "passed": false}, "20": {"execution_time": 0.35528039932250977, "passed": false}, "21": {"execution_time": 0.2966158390045166, "passed": false}, "22": {"execution_time": 0.39559507369995117, "passed": false}, "23": {"execution_time": 0.5238027572631836, "passed": false}}}, "check_style_score": "0/1"}