{"version": "1", "message": "ERROR: Hidden Testcases server unreachable.", "problem_id": "ads2_m2_a1_1", "user_id": "mayankkarn2", "score": {"sample": {"0": {"execution_time": 0.18009710311889648, "passed": true}, "1": {"execution_time": 0.1713407039642334, "passed": true}, "2": {"execution_time": 0.2939014434814453, "passed": true}, "3": {"execution_time": 0.2967569828033447, "passed": true}, "4": {"execution_time": 0.30010509490966797, "passed": true}, "5": {"execution_time": 0.29924845695495605, "passed": true}, "6": {"execution_time": 0.30135440826416016, "passed": true}, "7": {"execution_time": 0.2992408275604248, "passed": true}, "8": {"execution_time": 0.37605810165405273, "passed": true}, "9": {"execution_time": 0.30094456672668457, "passed": true}, "10": {"execution_time": 0.32193589210510254, "passed": true}, "11": {"execution_time": 0.298572301864624, "passed": true}, "12": {"execution_time": 0.2995147705078125, "passed": true}, "13": {"execution_time": 0.2990396022796631, "passed": true}, "14": {"execution_time": 0.30714941024780273, "passed": true}, "15": {"execution_time": 0.3374152183532715, "passed": true}, "16": {"execution_time": 0.32972288131713867, "passed": true}, "17": {"execution_time": 0.37375307083129883, "passed": true}, "18": {"execution_time": 0.3653273582458496, "passed": true}, "19": {"execution_time": 0.5166580677032471, "passed": true}, "20": {"execution_time": 0.3796665668487549, "passed": true}, "21": {"execution_time": 0.4288482666015625, "passed": true}, "22": {"execution_time": 0.42241549491882324, "passed": true}, "23": {"execution_time": 0.41567063331604004, "passed": true}}}, "check_style_score": "0/1"}