{"version": "1", "message": "ERROR: Hidden Testcases server unreachable.", "problem_id": "ads2_m2_a1_1", "user_id": "mayankkarn2", "score": {"sample": {"0": {"execution_time": 0.17723679542541504, "passed": true}, "1": {"execution_time": 0.16007566452026367, "passed": true}, "2": {"execution_time": 0.29506492614746094, "passed": true}, "3": {"execution_time": 0.29953742027282715, "passed": true}, "4": {"execution_time": 0.29670214653015137, "passed": true}, "5": {"execution_time": 0.30021071434020996, "passed": true}, "6": {"execution_time": 0.3185298442840576, "passed": true}, "7": {"execution_time": 0.3005557060241699, "passed": true}, "8": {"execution_time": 0.2977275848388672, "passed": true}, "9": {"execution_time": 0.2996528148651123, "passed": true}, "10": {"execution_time": 0.29489827156066895, "passed": true}, "11": {"execution_time": 0.30531978607177734, "passed": true}, "12": {"execution_time": 0.29689717292785645, "passed": true}, "13": {"execution_time": 0.308199405670166, "passed": true}, "14": {"execution_time": 0.2979412078857422, "passed": true}, "15": {"execution_time": 0.565434455871582, "passed": true}, "16": {"execution_time": 0.31531381607055664, "passed": true}, "17": {"execution_time": 0.3790857791900635, "passed": true}, "18": {"execution_time": 0.49213695526123047, "passed": true}, "19": {"execution_time": 0.37033748626708984, "passed": true}, "20": {"execution_time": 0.3792860507965088, "passed": true}, "21": {"execution_time": 0.30983805656433105, "passed": true}, "22": {"execution_time": 0.4176313877105713, "passed": true}, "23": {"execution_time": 0.4274134635925293, "passed": true}}}, "check_style_score": "0/1"}