{"version": "1", "message": "ERROR: Hidden Testcases server unreachable.", "problem_id": "ads2_m2_a1_1", "user_id": "mayankkarn2", "score": {"sample": {"0": {"execution_time": 0.18899035453796387, "passed": true}, "1": {"execution_time": 0.1584010124206543, "passed": true}, "2": {"execution_time": 0.17703604698181152, "passed": true}, "3": {"execution_time": 0.18498849868774414, "passed": true}, "4": {"execution_time": 0.16945338249206543, "passed": false}, "5": {"execution_time": 0.1707780361175537, "passed": true}, "6": {"execution_time": 0.16889071464538574, "passed": false}, "7": {"execution_time": 0.19849109649658203, "passed": false}, "8": {"execution_time": 0.17315888404846191, "passed": false}, "9": {"execution_time": 0.17696356773376465, "passed": false}, "10": {"execution_time": 0.2020728588104248, "passed": false}, "11": {"execution_time": 0.1506953239440918, "passed": false}, "12": {"execution_time": 0.21174359321594238, "passed": false}, "13": {"execution_time": 0.1505126953125, "passed": true}, "14": {"execution_time": 0.1869978904724121, "passed": false}, "15": {"execution_time": 0.20354104042053223, "passed": true}, "16": {"execution_time": 0.20305085182189941, "passed": false}, "17": {"execution_time": 0.20028400421142578, "passed": false}, "18": {"execution_time": 0.1869966983795166, "passed": false}, "19": {"execution_time": 0.22059917449951172, "passed": false}, "20": {"execution_time": 0.23061442375183105, "passed": false}, "21": {"execution_time": 0.1869962215423584, "passed": false}, "22": {"execution_time": 0.26816344261169434, "passed": false}, "23": {"execution_time": 0.3305833339691162, "passed": false}}}, "check_style_score": "0/1"}