{"version": "1", "message": "ERROR: Hidden Testcases server unreachable.", "problem_id": "ads2_m2_a1_1", "user_id": "mayankkarn2", "score": {"sample": {"0": {"execution_time": 0.16438031196594238, "passed": true}, "1": {"execution_time": 0.2933676242828369, "passed": true}, "2": {"execution_time": 0.2853207588195801, "passed": true}, "3": {"execution_time": 0.14848089218139648, "passed": true}, "4": {"execution_time": 0.2483654022216797, "passed": true}, "5": {"execution_time": 0.1504051685333252, "passed": true}, "6": {"execution_time": 0.28685927391052246, "passed": true}, "7": {"execution_time": 0.3072338104248047, "passed": true}, "8": {"execution_time": 0.2570035457611084, "passed": true}, "9": {"execution_time": 0.15840983390808105, "passed": true}, "10": {"execution_time": 0.2847573757171631, "passed": true}, "11": {"execution_time": 0.36046481132507324, "passed": true}, "12": {"execution_time": 0.33408164978027344, "passed": true}, "13": {"execution_time": 0.2870330810546875, "passed": true}, "14": {"execution_time": 0.2872602939605713, "passed": true}, "15": {"execution_time": 0.3691136837005615, "passed": true}, "16": {"execution_time": 0.3081488609313965, "passed": true}, "17": {"execution_time": 0.37337613105773926, "passed": true}, "18": {"execution_time": 0.3571736812591553, "passed": true}, "19": {"execution_time": 0.34511828422546387, "passed": true}, "20": {"execution_time": 0.36773109436035156, "passed": true}, "21": {"execution_time": 0.2909855842590332, "passed": true}, "22": {"execution_time": 0.3937838077545166, "passed": true}, "23": {"execution_time": 0.402207612991333, "passed": true}}}, "check_style_score": "0/1"}