{"version": "1", "message": "ERROR: Hidden Testcases server unreachable.", "problem_id": "ads2_m2_a1_1", "user_id": "mayankkarn2", "score": {"sample": {"0": {"execution_time": 0.17190957069396973, "passed": true}, "1": {"execution_time": 0.15157461166381836, "passed": true}, "2": {"execution_time": 0.2645602226257324, "passed": true}, "3": {"execution_time": 0.28275251388549805, "passed": true}, "4": {"execution_time": 0.28684210777282715, "passed": true}, "5": {"execution_time": 0.15921854972839355, "passed": true}, "6": {"execution_time": 0.36245298385620117, "passed": true}, "7": {"execution_time": 0.4486513137817383, "passed": true}, "8": {"execution_time": 0.34578847885131836, "passed": true}, "9": {"execution_time": 0.22660279273986816, "passed": true}, "10": {"execution_time": 0.1804642677307129, "passed": true}, "11": {"execution_time": 0.2970085144042969, "passed": true}, "12": {"execution_time": 0.29727792739868164, "passed": true}, "13": {"execution_time": 0.3028285503387451, "passed": true}, "14": {"execution_time": 0.3031790256500244, "passed": true}, "15": {"execution_time": 0.3171544075012207, "passed": true}, "16": {"execution_time": 0.34066128730773926, "passed": true}, "17": {"execution_time": 0.20534515380859375, "passed": true}, "18": {"execution_time": 0.19568109512329102, "passed": true}, "19": {"execution_time": 0.3961930274963379, "passed": true}, "20": {"execution_time": 0.43409109115600586, "passed": true}, "21": {"execution_time": 0.3447864055633545, "passed": true}, "22": {"execution_time": 0.44420695304870605, "passed": true}, "23": {"execution_time": 0.4064192771911621, "passed": true}}}, "check_style_score": "0/1"}