{"version": "1", "message": "ERROR: Hidden Testcases server unreachable.", "problem_id": "ads2_m2_a1_1", "user_id": "mayankkarn2", "score": {"sample": {"0": {"execution_time": 0.16576743125915527, "passed": true}, "1": {"execution_time": 0.1804368495941162, "passed": true}, "2": {"execution_time": 0.1443650722503662, "passed": true}, "3": {"execution_time": 0.16206812858581543, "passed": true}, "4": {"execution_time": 0.19219040870666504, "passed": true}, "5": {"execution_time": 0.18666291236877441, "passed": true}, "6": {"execution_time": 0.14099979400634766, "passed": true}, "7": {"execution_time": 0.16607141494750977, "passed": true}, "8": {"execution_time": 0.17059040069580078, "passed": true}, "9": {"execution_time": 0.16721463203430176, "passed": true}, "10": {"execution_time": 0.15250658988952637, "passed": true}, "11": {"execution_time": 0.20232915878295898, "passed": true}, "12": {"execution_time": 0.16937875747680664, "passed": true}, "13": {"execution_time": 0.1444687843322754, "passed": true}, "14": {"execution_time": 0.15236783027648926, "passed": true}, "15": {"execution_time": 0.16160011291503906, "passed": true}, "16": {"execution_time": 0.2321169376373291, "passed": true}, "17": {"execution_time": 0.2799184322357178, "passed": true}, "18": {"execution_time": 0.22774100303649902, "passed": true}, "19": {"execution_time": 0.20730304718017578, "passed": true}, "20": {"execution_time": 0.21944594383239746, "passed": true}, "21": {"execution_time": 0.16234326362609863, "passed": true}, "22": {"execution_time": 0.21005702018737793, "passed": true}, "23": {"execution_time": 0.21204900741577148, "passed": true}}}, "check_style_score": "0/1"}