{"version": "1", "message": "ERROR: Hidden Testcases server unreachable.", "problem_id": "ads2_m2_a1_1", "user_id": "mayankkarn2", "score": {"sample": {"0": {"execution_time": 0.15607905387878418, "passed": true}, "1": {"execution_time": 0.15505170822143555, "passed": true}, "2": {"execution_time": 0.21657514572143555, "passed": true}, "3": {"execution_time": 0.14562702178955078, "passed": true}, "4": {"execution_time": 0.15234971046447754, "passed": true}, "5": {"execution_time": 0.15105342864990234, "passed": true}, "6": {"execution_time": 0.20491266250610352, "passed": true}, "7": {"execution_time": 0.16194701194763184, "passed": true}, "8": {"execution_time": 0.193511962890625, "passed": true}, "9": {"execution_time": 0.14423489570617676, "passed": true}, "10": {"execution_time": 0.20592999458312988, "passed": true}, "11": {"execution_time": 0.1445460319519043, "passed": true}, "12": {"execution_time": 0.17391276359558105, "passed": true}, "13": {"execution_time": 0.16341781616210938, "passed": true}, "14": {"execution_time": 0.17878198623657227, "passed": true}, "15": {"execution_time": 0.16315531730651855, "passed": true}, "16": {"execution_time": 0.16065049171447754, "passed": true}, "17": {"execution_time": 0.20210003852844238, "passed": true}, "18": {"execution_time": 0.18881654739379883, "passed": true}, "19": {"execution_time": 0.210052490234375, "passed": true}, "20": {"execution_time": 0.21909165382385254, "passed": true}, "21": {"execution_time": 0.1477820873260498, "passed": true}, "22": {"execution_time": 0.20372343063354492, "passed": true}, "23": {"execution_time": 0.22017312049865723, "passed": true}}}, "check_style_score": "0/1"}