{"version": "1", "message": "ERROR: Hidden Testcases server unreachable.", "problem_id": "ads2_m2_a1_1", "user_id": "mayankkarn2", "score": {"sample": {"0": {"execution_time": 0.1923365592956543, "passed": false}, "1": {"execution_time": 0.16305947303771973, "passed": false}, "2": {"execution_time": 0.25356268882751465, "passed": false}, "3": {"execution_time": 0.1622476577758789, "passed": false}, "4": {"execution_time": 0.29586338996887207, "passed": false}, "5": {"execution_time": 0.397747278213501, "passed": false}, "6": {"execution_time": 0.16316819190979004, "passed": false}, "7": {"execution_time": 0.1629467010498047, "passed": false}, "8": {"execution_time": 0.39142274856567383, "passed": false}, "9": {"execution_time": 0.30065321922302246, "passed": false}, "10": {"execution_time": 0.16408181190490723, "passed": false}, "11": {"execution_time": 0.19820737838745117, "passed": false}, "12": {"execution_time": 0.34598326683044434, "passed": false}, "13": {"execution_time": 0.16835618019104004, "passed": false}, "14": {"execution_time": 0.298811674118042, "passed": false}, "15": {"execution_time": 0.3188967704772949, "passed": false}, "16": {"execution_time": 0.1938793659210205, "passed": false}, "17": {"execution_time": 0.20460128784179688, "passed": false}, "18": {"execution_time": 0.4387998580932617, "passed": false}, "19": {"execution_time": 0.36180758476257324, "passed": false}, "20": {"execution_time": 0.2048335075378418, "passed": false}, "21": {"execution_time": 0.16704177856445312, "passed": false}, "22": {"execution_time": 0.4099431037902832, "passed": false}, "23": {"execution_time": 0.3970804214477539, "passed": false}}}, "check_style_score": "0/1"}