{"version": "1", "message": "ERROR: Hidden Testcases server unreachable.", "problem_id": "ads2_m2_a1_1", "user_id": "mayankkarn2", "score": {"sample": {"0": {"execution_time": 0.2109534740447998, "passed": false}, "1": {"execution_time": 0.19351816177368164, "passed": false}, "2": {"execution_time": 0.3398284912109375, "passed": false}, "3": {"execution_time": 0.33789706230163574, "passed": false}, "4": {"execution_time": 0.3625049591064453, "passed": false}, "5": {"execution_time": 0.3366217613220215, "passed": false}, "6": {"execution_time": 0.3323819637298584, "passed": false}, "7": {"execution_time": 0.32638001441955566, "passed": false}, "8": {"execution_time": 0.3155233860015869, "passed": false}, "9": {"execution_time": 0.3240230083465576, "passed": false}, "10": {"execution_time": 0.502373218536377, "passed": false}, "11": {"execution_time": 0.28241920471191406, "passed": false}, "12": {"execution_time": 0.18371272087097168, "passed": false}, "13": {"execution_time": 0.3083226680755615, "passed": false}, "14": {"execution_time": 0.3123800754547119, "passed": false}, "15": {"execution_time": 0.3179948329925537, "passed": false}, "16": {"execution_time": 0.32510876655578613, "passed": false}, "17": {"execution_time": 0.36439967155456543, "passed": false}, "18": {"execution_time": 0.35882139205932617, "passed": false}, "19": {"execution_time": 0.37337660789489746, "passed": false}, "20": {"execution_time": 0.37607336044311523, "passed": false}, "21": {"execution_time": 0.3418698310852051, "passed": false}, "22": {"execution_time": 0.5498664379119873, "passed": false}, "23": {"execution_time": 0.23644495010375977, "passed": false}}}, "check_style_score": "0/1"}