{"version": "1", "message": "ERROR: Hidden Testcases server unreachable.", "problem_id": "ads2_m2_a1_1", "user_id": "mayankkarn2", "score": {"sample": {"0": {"execution_time": 0.17762017250061035, "passed": true}, "1": {"execution_time": 0.16235756874084473, "passed": true}, "2": {"execution_time": 0.29306507110595703, "passed": true}, "3": {"execution_time": 0.4123570919036865, "passed": true}, "4": {"execution_time": 0.16634750366210938, "passed": true}, "5": {"execution_time": 0.29442501068115234, "passed": true}, "6": {"execution_time": 0.36998748779296875, "passed": true}, "7": {"execution_time": 0.2950448989868164, "passed": true}, "8": {"execution_time": 0.16076159477233887, "passed": true}, "9": {"execution_time": 0.1622905731201172, "passed": true}, "10": {"execution_time": 0.4219179153442383, "passed": true}, "11": {"execution_time": 0.29562902450561523, "passed": true}, "12": {"execution_time": 0.30057764053344727, "passed": true}, "13": {"execution_time": 0.2991049289703369, "passed": true}, "14": {"execution_time": 0.30103468894958496, "passed": true}, "15": {"execution_time": 0.3197348117828369, "passed": true}, "16": {"execution_time": 0.3761129379272461, "passed": true}, "17": {"execution_time": 0.4435460567474365, "passed": true}, "18": {"execution_time": 0.3571476936340332, "passed": true}, "19": {"execution_time": 0.3668553829193115, "passed": true}, "20": {"execution_time": 0.38942503929138184, "passed": true}, "21": {"execution_time": 0.320141077041626, "passed": true}, "22": {"execution_time": 0.4089229106903076, "passed": true}, "23": {"execution_time": 0.4073324203491211, "passed": true}}}, "check_style_score": "0/1"}