{"version": "1", "message": "ERROR: Hidden Testcases server unreachable.", "problem_id": "ads2_m2_a1_1", "user_id": "mayankkarn2", "score": {"sample": {"0": {"execution_time": 0.18558740615844727, "passed": true}, "1": {"execution_time": 0.15981388092041016, "passed": true}, "2": {"execution_time": 0.16095304489135742, "passed": true}, "3": {"execution_time": 0.3546106815338135, "passed": true}, "4": {"execution_time": 0.3213036060333252, "passed": true}, "5": {"execution_time": 0.1600055694580078, "passed": true}, "6": {"execution_time": 0.16524696350097656, "passed": true}, "7": {"execution_time": 0.2967057228088379, "passed": true}, "8": {"execution_time": 0.5142993927001953, "passed": true}, "9": {"execution_time": 0.15767383575439453, "passed": true}, "10": {"execution_time": 0.3056802749633789, "passed": true}, "11": {"execution_time": 0.2942376136779785, "passed": true}, "12": {"execution_time": 0.2930417060852051, "passed": true}, "13": {"execution_time": 0.29723095893859863, "passed": true}, "14": {"execution_time": 0.2935044765472412, "passed": true}, "15": {"execution_time": 0.32123351097106934, "passed": true}, "16": {"execution_time": 0.33849096298217773, "passed": true}, "17": {"execution_time": 0.4040696620941162, "passed": true}, "18": {"execution_time": 0.4404270648956299, "passed": true}, "19": {"execution_time": 0.21066665649414062, "passed": true}, "20": {"execution_time": 0.19961047172546387, "passed": true}, "21": {"execution_time": 0.3068273067474365, "passed": true}, "22": {"execution_time": 0.4446702003479004, "passed": true}, "23": {"execution_time": 0.40955495834350586, "passed": true}}}, "check_style_score": "0/1"}