{"version": "1", "message": "ERROR: Hidden Testcases server unreachable.", "problem_id": "ads2_m2_a1_1", "user_id": "mayankkarn2", "score": {"sample": {"0": {"execution_time": 0.23907709121704102, "passed": true}, "1": {"execution_time": 0.1726086139678955, "passed": true}, "2": {"execution_time": 0.2427511215209961, "passed": true}, "3": {"execution_time": 0.14616847038269043, "passed": true}, "4": {"execution_time": 0.20750999450683594, "passed": true}, "5": {"execution_time": 0.16251921653747559, "passed": true}, "6": {"execution_time": 0.14182186126708984, "passed": true}, "7": {"execution_time": 0.17527055740356445, "passed": true}, "8": {"execution_time": 0.15420126914978027, "passed": true}, "9": {"execution_time": 0.182265043258667, "passed": true}, "10": {"execution_time": 0.14438366889953613, "passed": true}, "11": {"execution_time": 0.14430785179138184, "passed": true}, "12": {"execution_time": 0.21039652824401855, "passed": true}, "13": {"execution_time": 0.16570782661437988, "passed": true}, "14": {"execution_time": 0.22208642959594727, "passed": true}, "15": {"execution_time": 0.19303464889526367, "passed": true}, "16": {"execution_time": 0.19443368911743164, "passed": true}, "17": {"execution_time": 0.21456146240234375, "passed": true}, "18": {"execution_time": 0.18747258186340332, "passed": true}, "19": {"execution_time": 0.20428991317749023, "passed": true}, "20": {"execution_time": 0.20856881141662598, "passed": true}, "21": {"execution_time": 0.1792607307434082, "passed": true}, "22": {"execution_time": 0.2239055633544922, "passed": true}, "23": {"execution_time": 0.24251222610473633, "passed": true}}}, "check_style_score": "0/1"}