{"version": "1", "message": "ERROR: Hidden Testcases server unreachable.", "problem_id": "ads2_m2_a1_1", "user_id": "mayankkarn2", "score": {"sample": {"0": {"execution_time": 0.36232805252075195, "passed": false}, "1": {"execution_time": 0.18097925186157227, "passed": false}, "2": {"execution_time": 0.16849422454833984, "passed": false}, "3": {"execution_time": 0.30925416946411133, "passed": false}, "4": {"execution_time": 0.3172595500946045, "passed": false}, "5": {"execution_time": 0.1767420768737793, "passed": false}, "6": {"execution_time": 0.42002248764038086, "passed": false}, "7": {"execution_time": 0.17139935493469238, "passed": false}, "8": {"execution_time": 0.29532480239868164, "passed": false}, "9": {"execution_time": 0.29172396659851074, "passed": false}, "10": {"execution_time": 0.15951919555664062, "passed": false}, "11": {"execution_time": 0.1600027084350586, "passed": false}, "12": {"execution_time": 0.3247110843658447, "passed": false}, "13": {"execution_time": 0.3861541748046875, "passed": false}, "14": {"execution_time": 0.3007800579071045, "passed": false}, "15": {"execution_time": 0.3347182273864746, "passed": false}, "16": {"execution_time": 0.32128214836120605, "passed": false}, "17": {"execution_time": 0.22264838218688965, "passed": false}, "18": {"execution_time": 0.1927645206451416, "passed": false}, "19": {"execution_time": 0.4044368267059326, "passed": false}, "20": {"execution_time": 0.4751300811767578, "passed": false}, "21": {"execution_time": 0.1676774024963379, "passed": false}, "22": {"execution_time": 0.4893040657043457, "passed": false}, "23": {"execution_time": 0.40494513511657715, "passed": false}}}, "check_style_score": "0/1"}