{"version": "1", "message": "ERROR: Hidden Testcases server unreachable.", "problem_id": "ads2_m2_a1_1", "user_id": "mayankkarn2", "score": {"sample": {"0": {"execution_time": 0.31876516342163086, "passed": true}, "1": {"execution_time": 0.16441631317138672, "passed": true}, "2": {"execution_time": 0.19691944122314453, "passed": true}, "3": {"execution_time": 0.30237841606140137, "passed": true}, "4": {"execution_time": 0.24879956245422363, "passed": true}, "5": {"execution_time": 0.2132558822631836, "passed": true}, "6": {"execution_time": 0.30989861488342285, "passed": true}, "7": {"execution_time": 0.47906947135925293, "passed": true}, "8": {"execution_time": 0.2969973087310791, "passed": true}, "9": {"execution_time": 0.2932722568511963, "passed": true}, "10": {"execution_time": 0.29772162437438965, "passed": true}, "11": {"execution_time": 0.299663782119751, "passed": true}, "12": {"execution_time": 0.29706501960754395, "passed": true}, "13": {"execution_time": 0.3404042720794678, "passed": true}, "14": {"execution_time": 0.3022596836090088, "passed": true}, "15": {"execution_time": 0.32337355613708496, "passed": true}, "16": {"execution_time": 0.3135247230529785, "passed": true}, "17": {"execution_time": 0.37027430534362793, "passed": true}, "18": {"execution_time": 0.3540034294128418, "passed": true}, "19": {"execution_time": 0.7501518726348877, "passed": true}, "20": {"execution_time": 0.3929142951965332, "passed": true}, "21": {"execution_time": 0.3108501434326172, "passed": true}, "22": {"execution_time": 0.428067684173584, "passed": true}, "23": {"execution_time": 0.422832727432251, "passed": true}}}, "check_style_score": "0/1"}