{"version": "1", "message": "ERROR: Hidden Testcases server unreachable.", "problem_id": "ads2_m2_a1_1", "user_id": "mayankkarn2", "score": {"sample": {"0": {"execution_time": 0.17300081253051758, "passed": true}, "1": {"execution_time": 0.15662860870361328, "passed": true}, "2": {"execution_time": 0.1836376190185547, "passed": true}, "3": {"execution_time": 0.17403030395507812, "passed": true}, "4": {"execution_time": 0.20400238037109375, "passed": true}, "5": {"execution_time": 0.17621779441833496, "passed": true}, "6": {"execution_time": 0.1597120761871338, "passed": true}, "7": {"execution_time": 0.14565658569335938, "passed": true}, "8": {"execution_time": 0.15237689018249512, "passed": true}, "9": {"execution_time": 0.16231942176818848, "passed": true}, "10": {"execution_time": 0.15626192092895508, "passed": true}, "11": {"execution_time": 0.22527670860290527, "passed": true}, "12": {"execution_time": 0.22591066360473633, "passed": true}, "13": {"execution_time": 0.14819550514221191, "passed": true}, "14": {"execution_time": 0.14611220359802246, "passed": true}, "15": {"execution_time": 0.185103178024292, "passed": true}, "16": {"execution_time": 0.18422698974609375, "passed": true}, "17": {"execution_time": 0.19849610328674316, "passed": true}, "18": {"execution_time": 0.18967175483703613, "passed": true}, "19": {"execution_time": 0.20485353469848633, "passed": true}, "20": {"execution_time": 0.25352931022644043, "passed": true}, "21": {"execution_time": 0.1620621681213379, "passed": true}, "22": {"execution_time": 0.22499847412109375, "passed": true}, "23": {"execution_time": 0.21995329856872559, "passed": true}}}, "check_style_score": "0/1"}