{"version": "1", "message": "ERROR: Hidden Testcases server unreachable.", "problem_id": "ads2_m2_a1_1", "user_id": "mayankkarn2", "score": {"sample": {"0": {"execution_time": 0.1825098991394043, "passed": true}, "1": {"execution_time": 0.29000186920166016, "passed": true}, "2": {"execution_time": 0.2687816619873047, "passed": true}, "3": {"execution_time": 0.30426597595214844, "passed": true}, "4": {"execution_time": 0.32014894485473633, "passed": true}, "5": {"execution_time": 0.29591894149780273, "passed": true}, "6": {"execution_time": 0.2934849262237549, "passed": true}, "7": {"execution_time": 0.29392361640930176, "passed": true}, "8": {"execution_time": 0.29403209686279297, "passed": true}, "9": {"execution_time": 0.29148054122924805, "passed": true}, "10": {"execution_time": 0.30602121353149414, "passed": true}, "11": {"execution_time": 0.2948586940765381, "passed": true}, "12": {"execution_time": 0.2956507205963135, "passed": true}, "13": {"execution_time": 0.42317867279052734, "passed": true}, "14": {"execution_time": 0.2967488765716553, "passed": true}, "15": {"execution_time": 0.31954073905944824, "passed": true}, "16": {"execution_time": 0.44103097915649414, "passed": true}, "17": {"execution_time": 0.3594222068786621, "passed": true}, "18": {"execution_time": 0.35526299476623535, "passed": true}, "19": {"execution_time": 0.37529587745666504, "passed": true}, "20": {"execution_time": 0.37314510345458984, "passed": true}, "21": {"execution_time": 0.3004584312438965, "passed": true}, "22": {"execution_time": 0.41007280349731445, "passed": true}, "23": {"execution_time": 0.437532901763916, "passed": true}}}, "check_style_score": "0/1"}