{"version": "1", "message": "ERROR: Hidden Testcases server unreachable.", "problem_id": "ads2_m2_a1_1", "user_id": "mayankkarn2", "score": {"sample": {"0": {"execution_time": 0.1849360466003418, "passed": true}, "1": {"execution_time": 0.15946626663208008, "passed": true}, "2": {"execution_time": 0.29213571548461914, "passed": true}, "3": {"execution_time": 0.2723982334136963, "passed": true}, "4": {"execution_time": 0.1620168685913086, "passed": true}, "5": {"execution_time": 0.24559879302978516, "passed": true}, "6": {"execution_time": 0.33303141593933105, "passed": true}, "7": {"execution_time": 0.3212285041809082, "passed": true}, "8": {"execution_time": 0.3228626251220703, "passed": true}, "9": {"execution_time": 0.2987406253814697, "passed": true}, "10": {"execution_time": 0.3038454055786133, "passed": true}, "11": {"execution_time": 0.4790222644805908, "passed": true}, "12": {"execution_time": 0.23464226722717285, "passed": true}, "13": {"execution_time": 0.29796528816223145, "passed": true}, "14": {"execution_time": 0.34594106674194336, "passed": true}, "15": {"execution_time": 0.32324790954589844, "passed": true}, "16": {"execution_time": 0.3095395565032959, "passed": true}, "17": {"execution_time": 0.4050731658935547, "passed": true}, "18": {"execution_time": 0.36318325996398926, "passed": true}, "19": {"execution_time": 0.41127538681030273, "passed": true}, "20": {"execution_time": 0.48734402656555176, "passed": true}, "21": {"execution_time": 0.29615116119384766, "passed": true}, "22": {"execution_time": 0.4018857479095459, "passed": true}, "23": {"execution_time": 0.449542760848999, "passed": true}}}, "check_style_score": "0/1"}