{"version": "1", "message": "ERROR: Hidden Testcases server unreachable.", "problem_id": "ads2_m2_a1_1", "user_id": "mayankkarn2", "score": {"sample": {"0": {"execution_time": 0.1860048770904541, "passed": true}, "1": {"execution_time": 0.16878747940063477, "passed": true}, "2": {"execution_time": 0.1558992862701416, "passed": true}, "3": {"execution_time": 0.1616983413696289, "passed": true}, "4": {"execution_time": 0.14858245849609375, "passed": true}, "5": {"execution_time": 0.16574764251708984, "passed": true}, "6": {"execution_time": 0.15764164924621582, "passed": true}, "7": {"execution_time": 0.17263412475585938, "passed": true}, "8": {"execution_time": 0.17003130912780762, "passed": true}, "9": {"execution_time": 0.16396617889404297, "passed": true}, "10": {"execution_time": 0.1411426067352295, "passed": true}, "11": {"execution_time": 0.22202587127685547, "passed": true}, "12": {"execution_time": 0.14185380935668945, "passed": true}, "13": {"execution_time": 0.1654338836669922, "passed": true}, "14": {"execution_time": 0.1571788787841797, "passed": true}, "15": {"execution_time": 0.18596911430358887, "passed": true}, "16": {"execution_time": 0.20637822151184082, "passed": true}, "17": {"execution_time": 0.18768787384033203, "passed": true}, "18": {"execution_time": 0.2054738998413086, "passed": true}, "19": {"execution_time": 0.20697975158691406, "passed": true}, "20": {"execution_time": 0.20293903350830078, "passed": true}, "21": {"execution_time": 0.16101980209350586, "passed": true}, "22": {"execution_time": 0.21584391593933105, "passed": true}, "23": {"execution_time": 0.2434234619140625, "passed": true}}}, "check_style_score": "0/1"}