{"version": "1", "message": "ERROR: Hidden Testcases server unreachable.", "problem_id": "ads2_m2_a1_1", "user_id": "mayankkarn2", "score": {"sample": {"0": {"execution_time": 0.5609776973724365, "passed": true}, "1": {"execution_time": 0.1734457015991211, "passed": true}, "2": {"execution_time": 0.3333897590637207, "passed": true}, "3": {"execution_time": 0.3396885395050049, "passed": true}, "4": {"execution_time": 0.4125545024871826, "passed": true}, "5": {"execution_time": 0.16234445571899414, "passed": true}, "6": {"execution_time": 0.3891589641571045, "passed": true}, "7": {"execution_time": 0.3115077018737793, "passed": true}, "8": {"execution_time": 0.41260576248168945, "passed": true}, "9": {"execution_time": 0.354616641998291, "passed": true}, "10": {"execution_time": 0.4100480079650879, "passed": true}, "11": {"execution_time": 0.3083207607269287, "passed": true}, "12": {"execution_time": 0.3751974105834961, "passed": true}, "13": {"execution_time": 0.31171464920043945, "passed": true}, "14": {"execution_time": 0.30063629150390625, "passed": true}, "15": {"execution_time": 0.3396129608154297, "passed": true}, "16": {"execution_time": 0.3480701446533203, "passed": true}, "17": {"execution_time": 0.41152381896972656, "passed": true}, "18": {"execution_time": 0.35062503814697266, "passed": true}, "19": {"execution_time": 0.3758728504180908, "passed": true}, "20": {"execution_time": 0.5411632061004639, "passed": true}, "21": {"execution_time": 0.3071403503417969, "passed": true}, "22": {"execution_time": 0.4168550968170166, "passed": true}, "23": {"execution_time": 0.4241750240325928, "passed": true}}}, "check_style_score": "0/1"}