{"version": "1", "message": "ERROR: Hidden Testcases server unreachable.", "problem_id": "ads2_m2_a1_1", "user_id": "mayankkarn2", "score": {"sample": {"0": {"execution_time": 0.17388367652893066, "passed": true}, "1": {"execution_time": 0.17326712608337402, "passed": true}, "2": {"execution_time": 0.16045165061950684, "passed": true}, "3": {"execution_time": 0.1567223072052002, "passed": true}, "4": {"execution_time": 0.1439657211303711, "passed": true}, "5": {"execution_time": 0.14342880249023438, "passed": true}, "6": {"execution_time": 0.1692216396331787, "passed": true}, "7": {"execution_time": 0.14183759689331055, "passed": true}, "8": {"execution_time": 0.16709065437316895, "passed": true}, "9": {"execution_time": 0.14169073104858398, "passed": true}, "10": {"execution_time": 0.16169333457946777, "passed": true}, "11": {"execution_time": 0.14573001861572266, "passed": true}, "12": {"execution_time": 0.14207911491394043, "passed": true}, "13": {"execution_time": 0.14317798614501953, "passed": true}, "14": {"execution_time": 0.15513873100280762, "passed": true}, "15": {"execution_time": 0.1711888313293457, "passed": true}, "16": {"execution_time": 0.2240123748779297, "passed": true}, "17": {"execution_time": 0.20914554595947266, "passed": true}, "18": {"execution_time": 0.1737508773803711, "passed": true}, "19": {"execution_time": 0.21728205680847168, "passed": true}, "20": {"execution_time": 0.19002246856689453, "passed": true}, "21": {"execution_time": 0.15969491004943848, "passed": true}, "22": {"execution_time": 0.22644305229187012, "passed": true}, "23": {"execution_time": 0.2213449478149414, "passed": true}}}, "check_style_score": "0/1"}