{"version": "1", "message": "ERROR: Hidden Testcases server unreachable.", "problem_id": "ads2_m2_a1_1", "user_id": "mayankkarn2", "score": {"sample": {"0": {"execution_time": 0.16977238655090332, "passed": false}, "1": {"execution_time": 0.1574256420135498, "passed": false}, "2": {"execution_time": 0.1575157642364502, "passed": false}, "3": {"execution_time": 0.15630221366882324, "passed": false}, "4": {"execution_time": 0.17248916625976562, "passed": false}, "5": {"execution_time": 0.21959400177001953, "passed": false}, "6": {"execution_time": 0.1703188419342041, "passed": false}, "7": {"execution_time": 0.15741825103759766, "passed": false}, "8": {"execution_time": 0.15140247344970703, "passed": false}, "9": {"execution_time": 0.17410612106323242, "passed": false}, "10": {"execution_time": 0.15351486206054688, "passed": false}, "11": {"execution_time": 0.16006708145141602, "passed": false}, "12": {"execution_time": 0.17231345176696777, "passed": false}, "13": {"execution_time": 0.1572885513305664, "passed": false}, "14": {"execution_time": 0.14323186874389648, "passed": false}, "15": {"execution_time": 0.19509124755859375, "passed": false}, "16": {"execution_time": 0.18846487998962402, "passed": false}, "17": {"execution_time": 0.19775772094726562, "passed": false}, "18": {"execution_time": 0.18909001350402832, "passed": false}, "19": {"execution_time": 0.3405299186706543, "passed": false}, "20": {"execution_time": 0.19463872909545898, "passed": false}, "21": {"execution_time": 0.15793085098266602, "passed": false}, "22": {"execution_time": 0.2567141056060791, "passed": false}, "23": {"execution_time": 0.2240135669708252, "passed": false}}}, "check_style_score": "0/1"}