{"version": "1", "message": "ERROR: Hidden Testcases server unreachable.", "problem_id": "ads2_m2_a1_1", "user_id": "mayankkarn2", "score": {"sample": {"0": {"execution_time": 0.20253801345825195, "passed": true}, "1": {"execution_time": 0.18289780616760254, "passed": true}, "2": {"execution_time": 0.1674644947052002, "passed": true}, "3": {"execution_time": 0.19413089752197266, "passed": true}, "4": {"execution_time": 0.1579267978668213, "passed": true}, "5": {"execution_time": 0.15429210662841797, "passed": false}, "6": {"execution_time": 0.1759796142578125, "passed": true}, "7": {"execution_time": 0.19271063804626465, "passed": true}, "8": {"execution_time": 0.16675329208374023, "passed": true}, "9": {"execution_time": 0.16196107864379883, "passed": true}, "10": {"execution_time": 0.1529679298400879, "passed": true}, "11": {"execution_time": 0.15254640579223633, "passed": true}, "12": {"execution_time": 0.1566011905670166, "passed": true}, "13": {"execution_time": 0.1558699607849121, "passed": true}, "14": {"execution_time": 0.22362446784973145, "passed": true}, "15": {"execution_time": 0.2146444320678711, "passed": true}, "16": {"execution_time": 0.17441940307617188, "passed": true}, "17": {"execution_time": 0.20072650909423828, "passed": true}, "18": {"execution_time": 0.19411182403564453, "passed": true}, "19": {"execution_time": 0.29222965240478516, "passed": true}, "20": {"execution_time": 0.18417072296142578, "passed": true}, "21": {"execution_time": 0.15022826194763184, "passed": true}, "22": {"execution_time": 0.27475428581237793, "passed": true}, "23": {"execution_time": 0.23458361625671387, "passed": true}}}, "check_style_score": "0/1"}