{"version": "1", "message": "ERROR: Hidden Testcases server unreachable.", "problem_id": "ads2_m2_a1_1", "user_id": "mayankkarn2", "score": {"sample": {"0": {"execution_time": 0.18883466720581055, "passed": true}, "1": {"execution_time": 0.27637410163879395, "passed": true}, "2": {"execution_time": 0.30080485343933105, "passed": true}, "3": {"execution_time": 0.30858731269836426, "passed": true}, "4": {"execution_time": 0.3076133728027344, "passed": true}, "5": {"execution_time": 0.32359981536865234, "passed": true}, "6": {"execution_time": 0.30304813385009766, "passed": true}, "7": {"execution_time": 0.29709744453430176, "passed": true}, "8": {"execution_time": 0.4574410915374756, "passed": true}, "9": {"execution_time": 0.3299689292907715, "passed": true}, "10": {"execution_time": 0.2985498905181885, "passed": true}, "11": {"execution_time": 0.3075087070465088, "passed": true}, "12": {"execution_time": 0.33467960357666016, "passed": true}, "13": {"execution_time": 0.3135831356048584, "passed": true}, "14": {"execution_time": 0.30153656005859375, "passed": true}, "15": {"execution_time": 0.32373881340026855, "passed": true}, "16": {"execution_time": 0.321164608001709, "passed": true}, "17": {"execution_time": 0.38191843032836914, "passed": true}, "18": {"execution_time": 0.3502955436706543, "passed": true}, "19": {"execution_time": 0.37215518951416016, "passed": true}, "20": {"execution_time": 0.4029972553253174, "passed": true}, "21": {"execution_time": 0.3064613342285156, "passed": true}, "22": {"execution_time": 0.42220234870910645, "passed": true}, "23": {"execution_time": 0.41570043563842773, "passed": true}}}, "check_style_score": "0/1"}