{"version": "1", "message": "ERROR: Hidden Testcases server unreachable.", "problem_id": "ads2_m4_a1_1", "user_id": "mayankkarn2", "score": {"sample": {"0": {"execution_time": 1.41813063621521, "passed": true}, "1": {"execution_time": 0.47661638259887695, "passed": false}, "2": {"execution_time": 0.8089468479156494, "passed": false}, "3": {"execution_time": 0.768500804901123, "passed": false}, "4": {"execution_time": 0.3140842914581299, "passed": false}, "5": {"execution_time": 0.23091626167297363, "passed": false}, "6": {"execution_time": 0.17781782150268555, "passed": false}, "7": {"execution_time": 0.24018621444702148, "passed": false}, "8": {"execution_time": 0.2763383388519287, "passed": true}, "9": {"execution_time": 0.1699063777923584, "passed": true}, "10": {"execution_time": 0.23163962364196777, "passed": true}, "11": {"execution_time": 0.22559642791748047, "passed": true}, "12": {"execution_time": 0.20795869827270508, "passed": true}, "13": {"execution_time": 7.158509969711304, "passed": false}, "14": {"execution_time": 0.3691859245300293, "passed": false}}}, "check_style_score": "0/1"}