{"version": "1", "message": "ERROR: Hidden Testcases server unreachable.", "problem_id": "ads2_m4_a1_1", "user_id": "mayankkarn2", "score": {"sample": {"0": {"execution_time": 0.2462460994720459, "passed": true}, "1": {"execution_time": 0.2118687629699707, "passed": true}, "2": {"execution_time": 0.3493080139160156, "passed": true}, "3": {"execution_time": 0.46026039123535156, "passed": true}, "4": {"execution_time": 0.25087690353393555, "passed": true}, "5": {"execution_time": 0.21824169158935547, "passed": true}, "6": {"execution_time": 0.18836283683776855, "passed": true}, "7": {"execution_time": 0.19693326950073242, "passed": true}, "8": {"execution_time": 0.2422950267791748, "passed": true}, "9": {"execution_time": 0.220245361328125, "passed": true}, "10": {"execution_time": 0.18020200729370117, "passed": true}, "11": {"execution_time": 0.21221470832824707, "passed": true}, "12": {"execution_time": 0.22085189819335938, "passed": true}, "13": {"execution_time": 4.867230653762817, "passed": false}, "14": {"execution_time": 0.17910218238830566, "passed": true}}}, "check_style_score": "0/1"}