{"version": "1", "message": "ERROR: Hidden Testcases server unreachable.", "problem_id": "ads2_m4_a1_1", "user_id": "mayankkarn2", "score": {"sample": {"0": {"execution_time": 0.31032705307006836, "passed": true}, "1": {"execution_time": 0.22916698455810547, "passed": true}, "2": {"execution_time": 0.30872511863708496, "passed": true}, "3": {"execution_time": 0.4528987407684326, "passed": true}, "4": {"execution_time": 0.22709989547729492, "passed": true}, "5": {"execution_time": 0.19656968116760254, "passed": true}, "6": {"execution_time": 0.21140789985656738, "passed": true}, "7": {"execution_time": 0.24416184425354004, "passed": true}, "8": {"execution_time": 0.21822357177734375, "passed": true}, "9": {"execution_time": 0.22678017616271973, "passed": true}, "10": {"execution_time": 0.19418692588806152, "passed": true}, "11": {"execution_time": 0.17566466331481934, "passed": true}, "12": {"execution_time": 0.23384523391723633, "passed": true}, "13": {"execution_time": 4.895172834396362, "passed": false}, "14": {"execution_time": 0.2140824794769287, "passed": false}}}, "check_style_score": "0/1"}