{"version": "1", "message": "ERROR: Hidden Testcases server unreachable.", "problem_id": "ads2_m4_a1_1", "user_id": "mayankkarn2", "score": {"sample": {"0": {"execution_time": 0.2444608211517334, "passed": true}, "1": {"execution_time": 0.22811102867126465, "passed": true}, "2": {"execution_time": 0.32663702964782715, "passed": true}, "3": {"execution_time": 0.3661766052246094, "passed": true}, "4": {"execution_time": 0.21768975257873535, "passed": true}, "5": {"execution_time": 0.20241856575012207, "passed": true}, "6": {"execution_time": 0.18465590476989746, "passed": true}, "7": {"execution_time": 0.2302227020263672, "passed": true}, "8": {"execution_time": 0.2377943992614746, "passed": true}, "9": {"execution_time": 0.2013874053955078, "passed": true}, "10": {"execution_time": 0.19720029830932617, "passed": true}, "11": {"execution_time": 0.1886754035949707, "passed": true}, "12": {"execution_time": 0.1690232753753662, "passed": true}, "13": {"execution_time": 4.831045150756836, "passed": false}, "14": {"execution_time": 0.22866249084472656, "passed": true}}}, "check_style_score": "0/1"}