{"version": "1", "message": "ERROR: Hidden Testcases server unreachable.", "problem_id": "ads2_m16_a1_1", "user_id": "mayankkarn2", "score": {"sample": {"0": {"execution_time": 0.7943069934844971, "passed": false}, "1": {"execution_time": 0.2977335453033447, "passed": false}, "2": {"execution_time": 0.5218431949615479, "passed": false}, "3": {"execution_time": 1.1661627292633057, "passed": false}, "4": {"execution_time": 0.511620283126831, "passed": false}, "5": {"execution_time": 1.0503334999084473, "passed": false}, "6": {"execution_time": 0.6269176006317139, "passed": false}, "7": {"execution_time": 1.0193724632263184, "passed": false}, "8": {"execution_time": 0.5519764423370361, "passed": false}, "9": {"execution_time": 1.0268537998199463, "passed": false}, "10": {"execution_time": 0.9609310626983643, "passed": false}, "11": {"execution_time": 6.119184732437134, "passed": false}, "12": {"execution_time": 0.5281124114990234, "passed": false}, "13": {"execution_time": 0.4833064079284668, "passed": false}, "14": {"execution_time": 1.03269624710083, "passed": false}, "15": {"execution_time": 1.0515930652618408, "passed": false}, "16": {"execution_time": 0.539891242980957, "passed": false}, "17": {"execution_time": 0.5156826972961426, "passed": false}, "18": {"execution_time": 0.559380054473877, "passed": false}, "19": {"execution_time": 0.6225049495697021, "passed": false}, "20": {"execution_time": 0.5990839004516602, "passed": false}, "21": {"execution_time": 0.48859143257141113, "passed": false}, "22": {"execution_time": 0.5377988815307617, "passed": false}, "23": {"execution_time": 0.6068530082702637, "passed": false}, "24": {"execution_time": 0.49730920791625977, "passed": false}, "25": {"execution_time": 1.0807902812957764, "passed": false}, "26": {"execution_time": 0.9981873035430908, "passed": false}, "27": {"execution_time": 1.1170628070831299, "passed": false}, "28": {"execution_time": 1.659203290939331, "passed": false}, "29": {"execution_time": 0.4502861499786377, "passed": false}}}, "check_style_score": "0/1"}