{"version": "1", "message": "ERROR: Hidden Testcases server unreachable.", "problem_id": "ads2_m16_a1_1", "user_id": "mayankkarn2", "score": {"sample": {"0": {"execution_time": 0.26055264472961426, "passed": true}, "1": {"execution_time": 0.4953460693359375, "passed": true}, "2": {"execution_time": 0.929955244064331, "passed": true}, "3": {"execution_time": 0.9879019260406494, "passed": true}, "4": {"execution_time": 0.9829573631286621, "passed": true}, "5": {"execution_time": 0.9352586269378662, "passed": true}, "6": {"execution_time": 0.9280760288238525, "passed": true}, "7": {"execution_time": 0.9983365535736084, "passed": true}, "8": {"execution_time": 0.5426511764526367, "passed": true}, "9": {"execution_time": 0.956427812576294, "passed": true}, "10": {"execution_time": 0.9622304439544678, "passed": true}, "11": {"execution_time": 7.082151889801025, "passed": true}, "12": {"execution_time": 0.7550005912780762, "passed": true}, "13": {"execution_time": 0.3921079635620117, "passed": true}, "14": {"execution_time": 0.9703342914581299, "passed": true}, "15": {"execution_time": 0.9405064582824707, "passed": true}, "16": {"execution_time": 0.4958076477050781, "passed": true}, "17": {"execution_time": 0.4679219722747803, "passed": true}, "18": {"execution_time": 0.5705809593200684, "passed": true}, "19": {"execution_time": 0.5211098194122314, "passed": true}, "20": {"execution_time": 0.5816493034362793, "passed": true}, "21": {"execution_time": 0.5981533527374268, "passed": true}, "22": {"execution_time": 0.4818596839904785, "passed": true}, "23": {"execution_time": 0.48537778854370117, "passed": true}, "24": {"execution_time": 0.38378190994262695, "passed": true}, "25": {"execution_time": 1.108605146408081, "passed": true}, "26": {"execution_time": 0.8417274951934814, "passed": true}, "27": {"execution_time": 0.9952781200408936, "passed": true}, "28": {"execution_time": 1.5595262050628662, "passed": true}, "29": {"execution_time": 0.4395444393157959, "passed": false}}}, "check_style_score": "0/1"}