{"version": "1", "message": "ERROR: Hidden Testcases server unreachable.", "problem_id": "ads2_m16_a1_1", "user_id": "mayankkarn2", "score": {"sample": {"0": {"execution_time": 0.27809834480285645, "passed": true}, "1": {"execution_time": 0.4927525520324707, "passed": true}, "2": {"execution_time": 0.5289757251739502, "passed": true}, "3": {"execution_time": 0.48289918899536133, "passed": true}, "4": {"execution_time": 0.8996973037719727, "passed": true}, "5": {"execution_time": 0.8697018623352051, "passed": true}, "6": {"execution_time": 0.6266846656799316, "passed": true}, "7": {"execution_time": 0.9636094570159912, "passed": true}, "8": {"execution_time": 0.6014871597290039, "passed": true}, "9": {"execution_time": 0.6760616302490234, "passed": true}, "10": {"execution_time": 0.4842796325683594, "passed": true}, "11": {"execution_time": 6.466591119766235, "passed": true}, "12": {"execution_time": 1.1163749694824219, "passed": true}, "13": {"execution_time": 0.3332645893096924, "passed": true}, "14": {"execution_time": 0.5320768356323242, "passed": true}, "15": {"execution_time": 1.1184823513031006, "passed": true}, "16": {"execution_time": 0.7294154167175293, "passed": true}, "17": {"execution_time": 0.5054225921630859, "passed": true}, "18": {"execution_time": 0.5363917350769043, "passed": true}, "19": {"execution_time": 0.5406568050384521, "passed": true}, "20": {"execution_time": 0.5576391220092773, "passed": true}, "21": {"execution_time": 0.5332438945770264, "passed": true}, "22": {"execution_time": 0.6051931381225586, "passed": true}, "23": {"execution_time": 0.6384658813476562, "passed": true}, "24": {"execution_time": 0.4528210163116455, "passed": true}, "25": {"execution_time": 1.078291893005371, "passed": true}, "26": {"execution_time": 0.9456722736358643, "passed": true}, "27": {"execution_time": 0.527247428894043, "passed": true}, "28": {"execution_time": 1.6384501457214355, "passed": true}, "29": {"execution_time": 0.4494147300720215, "passed": false}}}, "check_style_score": "0/1"}