{"version": "1", "message": "ERROR: Hidden Testcases server unreachable.", "problem_id": "ads2_m16_a1_1", "user_id": "mayankkarn2", "score": {"sample": {"0": {"execution_time": 0.26702451705932617, "passed": true}, "1": {"execution_time": 0.4858078956604004, "passed": true}, "2": {"execution_time": 0.967146635055542, "passed": true}, "3": {"execution_time": 0.6194400787353516, "passed": true}, "4": {"execution_time": 0.9506645202636719, "passed": true}, "5": {"execution_time": 0.5213863849639893, "passed": true}, "6": {"execution_time": 0.5223789215087891, "passed": true}, "7": {"execution_time": 0.957144021987915, "passed": true}, "8": {"execution_time": 0.5507776737213135, "passed": true}, "9": {"execution_time": 0.9853630065917969, "passed": true}, "10": {"execution_time": 0.9764070510864258, "passed": true}, "11": {"execution_time": 6.217864751815796, "passed": true}, "12": {"execution_time": 0.48421335220336914, "passed": true}, "13": {"execution_time": 0.4478790760040283, "passed": true}, "14": {"execution_time": 0.980125904083252, "passed": true}, "15": {"execution_time": 0.9669079780578613, "passed": true}, "16": {"execution_time": 0.5208899974822998, "passed": true}, "17": {"execution_time": 0.5076696872711182, "passed": true}, "18": {"execution_time": 0.4805426597595215, "passed": true}, "19": {"execution_time": 0.5431017875671387, "passed": true}, "20": {"execution_time": 0.5858776569366455, "passed": true}, "21": {"execution_time": 0.3165571689605713, "passed": true}, "22": {"execution_time": 0.47446703910827637, "passed": true}, "23": {"execution_time": 0.540553092956543, "passed": true}, "24": {"execution_time": 0.37900876998901367, "passed": true}, "25": {"execution_time": 0.9925627708435059, "passed": true}, "26": {"execution_time": 0.8603556156158447, "passed": true}, "27": {"execution_time": 1.0186972618103027, "passed": true}, "28": {"execution_time": 1.564124345779419, "passed": true}, "29": {"execution_time": 0.4337642192840576, "passed": false}}}, "check_style_score": "0/1"}