{"version": "1", "message": "ERROR: Hidden Testcases server unreachable.", "problem_id": "ads2_m16_a1_1", "user_id": "mayankkarn2", "score": {"sample": {"0": {"execution_time": 0.2792232036590576, "passed": true}, "1": {"execution_time": 0.46692419052124023, "passed": true}, "2": {"execution_time": 0.9515254497528076, "passed": true}, "3": {"execution_time": 0.5769791603088379, "passed": true}, "4": {"execution_time": 0.7656819820404053, "passed": true}, "5": {"execution_time": 0.9170436859130859, "passed": true}, "6": {"execution_time": 0.9502036571502686, "passed": true}, "7": {"execution_time": 0.9792835712432861, "passed": true}, "8": {"execution_time": 0.5573081970214844, "passed": true}, "9": {"execution_time": 0.928642988204956, "passed": true}, "10": {"execution_time": 0.5275979042053223, "passed": true}, "11": {"execution_time": 6.198791742324829, "passed": true}, "12": {"execution_time": 1.0197370052337646, "passed": true}, "13": {"execution_time": 0.4173452854156494, "passed": true}, "14": {"execution_time": 0.9834840297698975, "passed": true}, "15": {"execution_time": 0.9654462337493896, "passed": true}, "16": {"execution_time": 0.5430328845977783, "passed": true}, "17": {"execution_time": 0.5293517112731934, "passed": true}, "18": {"execution_time": 0.5464146137237549, "passed": true}, "19": {"execution_time": 0.5757715702056885, "passed": true}, "20": {"execution_time": 0.6221644878387451, "passed": true}, "21": {"execution_time": 0.5439324378967285, "passed": true}, "22": {"execution_time": 0.4746277332305908, "passed": true}, "23": {"execution_time": 0.5280671119689941, "passed": true}, "24": {"execution_time": 0.4321136474609375, "passed": true}, "25": {"execution_time": 0.7616477012634277, "passed": true}, "26": {"execution_time": 0.8592982292175293, "passed": true}, "27": {"execution_time": 1.0599017143249512, "passed": true}, "28": {"execution_time": 1.7326648235321045, "passed": true}, "29": {"execution_time": 0.39997267723083496, "passed": false}}}, "check_style_score": "0/1"}