{"version": "1", "message": "ERROR: Hidden Testcases server unreachable.", "problem_id": "ads2_m16_a1_1", "user_id": "mayankkarn2", "score": {"sample": {"0": {"execution_time": 0.279987096786499, "passed": true}, "1": {"execution_time": 0.23296904563903809, "passed": true}, "2": {"execution_time": 0.9242351055145264, "passed": true}, "3": {"execution_time": 0.5448355674743652, "passed": true}, "4": {"execution_time": 0.5431392192840576, "passed": true}, "5": {"execution_time": 0.9208946228027344, "passed": true}, "6": {"execution_time": 1.0019989013671875, "passed": true}, "7": {"execution_time": 0.9397192001342773, "passed": true}, "8": {"execution_time": 0.5475015640258789, "passed": true}, "9": {"execution_time": 0.8746199607849121, "passed": true}, "10": {"execution_time": 0.5968151092529297, "passed": true}, "11": {"execution_time": 7.39657187461853, "passed": true}, "12": {"execution_time": 0.9851906299591064, "passed": true}, "13": {"execution_time": 0.3941366672515869, "passed": true}, "14": {"execution_time": 0.9703152179718018, "passed": true}, "15": {"execution_time": 1.000349998474121, "passed": true}, "16": {"execution_time": 0.5460205078125, "passed": true}, "17": {"execution_time": 0.309981107711792, "passed": true}, "18": {"execution_time": 0.5649635791778564, "passed": true}, "19": {"execution_time": 0.5777568817138672, "passed": true}, "20": {"execution_time": 0.6148009300231934, "passed": true}, "21": {"execution_time": 0.5421137809753418, "passed": true}, "22": {"execution_time": 0.5508108139038086, "passed": true}, "23": {"execution_time": 0.5450992584228516, "passed": true}, "24": {"execution_time": 0.22566819190979004, "passed": true}, "25": {"execution_time": 0.6121368408203125, "passed": true}, "26": {"execution_time": 0.9075484275817871, "passed": true}, "27": {"execution_time": 1.0321376323699951, "passed": true}, "28": {"execution_time": 1.5613040924072266, "passed": true}, "29": {"execution_time": 0.4243760108947754, "passed": false}}}, "check_style_score": "0/1"}