{"version": "1", "message": "ERROR: Hidden Testcases server unreachable.", "problem_id": "ads2_m16_a1_1", "user_id": "mayankkarn2", "score": {"sample": {"0": {"execution_time": 0.3944385051727295, "passed": true}, "1": {"execution_time": 0.359677791595459, "passed": true}, "2": {"execution_time": 0.7780449390411377, "passed": true}, "3": {"execution_time": 0.9167802333831787, "passed": true}, "4": {"execution_time": 0.47928309440612793, "passed": true}, "5": {"execution_time": 0.9965183734893799, "passed": true}, "6": {"execution_time": 1.0167720317840576, "passed": true}, "7": {"execution_time": 0.5604743957519531, "passed": true}, "8": {"execution_time": 0.5900769233703613, "passed": true}, "9": {"execution_time": 1.0128915309906006, "passed": true}, "10": {"execution_time": 0.9527623653411865, "passed": true}, "11": {"execution_time": 6.11669659614563, "passed": true}, "12": {"execution_time": 1.0059459209442139, "passed": true}, "13": {"execution_time": 0.4300193786621094, "passed": true}, "14": {"execution_time": 0.47060275077819824, "passed": true}, "15": {"execution_time": 1.026343584060669, "passed": true}, "16": {"execution_time": 0.5576415061950684, "passed": true}, "17": {"execution_time": 0.5605597496032715, "passed": true}, "18": {"execution_time": 0.5483100414276123, "passed": true}, "19": {"execution_time": 0.29523134231567383, "passed": true}, "20": {"execution_time": 0.606513500213623, "passed": true}, "21": {"execution_time": 0.5468182563781738, "passed": true}, "22": {"execution_time": 0.5507886409759521, "passed": true}, "23": {"execution_time": 0.5781543254852295, "passed": true}, "24": {"execution_time": 0.4879481792449951, "passed": true}, "25": {"execution_time": 1.1877110004425049, "passed": true}, "26": {"execution_time": 0.9981727600097656, "passed": true}, "27": {"execution_time": 1.1174163818359375, "passed": true}, "28": {"execution_time": 1.5145394802093506, "passed": true}, "29": {"execution_time": 0.39048075675964355, "passed": false}}}, "check_style_score": "0/1"}